{
  "overall": {
    "accuracy": 0.596868149076104,
    "f1_macro": 0.6092339466856023,
    "f1_weighted": 0.587580316139507,
    "f1_micro": 0.596868149076104,
    "precision_macro": 0.590187865224996,
    "precision_weighted": 0.5956116776230034,
    "recall_macro": 0.6509551391642305,
    "recall_weighted": 0.596868149076104,
    "per_class": {
      "Attacking": {
        "precision": 0.6937697993664202,
        "recall": 0.7283813747228381,
        "f1-score": 0.7106544077879935,
        "support": 902.0
      },
      "Biting": {
        "precision": 0.4722222222222222,
        "recall": 0.6998284734133791,
        "f1-score": 0.5639253628196268,
        "support": 1166.0
      },
      "Eating snacks": {
        "precision": 0.3898798689479432,
        "recall": 0.39578713968957874,
        "f1-score": 0.392811296534018,
        "support": 2706.0
      },
      "Head banging": {
        "precision": 0.5331920903954802,
        "recall": 0.8569807037457434,
        "f1-score": 0.6573791902481497,
        "support": 881.0
      },
      "Sitting quietly": {
        "precision": 0.5655388114870629,
        "recall": 0.5634560906515581,
        "f1-score": 0.5644955300127714,
        "support": 3530.0
      },
      "Throwing things": {
        "precision": 0.6426940639269406,
        "recall": 0.7608108108108108,
        "f1-score": 0.6967821782178217,
        "support": 740.0
      },
      "Using phone": {
        "precision": 0.4708261120739457,
        "recall": 0.2764586160108548,
        "f1-score": 0.3483650352639453,
        "support": 2948.0
      },
      "Walking": {
        "precision": 0.9533799533799534,
        "recall": 0.9259379042690815,
        "f1-score": 0.9394585726004923,
        "support": 3092.0
      },
      "accuracy": 0.596868149076104,
      "macro avg": {
        "precision": 0.590187865224996,
        "recall": 0.6509551391642305,
        "f1-score": 0.6092339466856023,
        "support": 15965.0
      },
      "weighted avg": {
        "precision": 0.5956116776230034,
        "recall": 0.596868149076104,
        "f1-score": 0.587580316139507,
        "support": 15965.0
      }
    }
  },
  "per_participant": [
    {
      "participant": 1,
      "accuracy": 0.5786163522012578,
      "f1_weighted": 0.5472893347679968,
      "num_samples": 2703
    },
    {
      "participant": 2,
      "accuracy": 0.5622154779969651,
      "f1_weighted": 0.4975258428745219,
      "num_samples": 2636
    },
    {
      "participant": 3,
      "accuracy": 0.5874143618370972,
      "f1_weighted": 0.5877188777833704,
      "num_samples": 3941
    },
    {
      "participant": 4,
      "accuracy": 0.5975670307845085,
      "f1_weighted": 0.5892960309496249,
      "num_samples": 4028
    },
    {
      "participant": 5,
      "accuracy": 0.6627775686864885,
      "f1_weighted": 0.5852967743814976,
      "num_samples": 2657
    }
  ]
}