{
  "overall": {
    "accuracy": 0.5353941526346653,
    "f1_macro": 0.5309178431876285,
    "f1_weighted": 0.5371018445396508,
    "f1_micro": 0.5353941526346653,
    "precision_macro": 0.5272532387630685,
    "precision_weighted": 0.5469462675627987,
    "recall_macro": 0.550789596063384,
    "recall_weighted": 0.5353941526346653,
    "per_class": {
      "Attacking": {
        "precision": 0.6082621082621082,
        "recall": 0.5762483130904184,
        "f1-score": 0.5918225918225918,
        "support": 741.0
      },
      "Biting": {
        "precision": 0.6616231086657497,
        "recall": 0.5652173913043478,
        "f1-score": 0.6096324461343473,
        "support": 851.0
      },
      "Eating snacks": {
        "precision": 0.40408382590005376,
        "recall": 0.3743155798904928,
        "f1-score": 0.3886304909560723,
        "support": 2009.0
      },
      "Head banging": {
        "precision": 0.29177057356608477,
        "recall": 0.5294117647058824,
        "f1-score": 0.3762057877813505,
        "support": 663.0
      },
      "Sitting quietly": {
        "precision": 0.4935459377372817,
        "recall": 0.49186530457813094,
        "f1-score": 0.4927041879855979,
        "support": 2643.0
      },
      "Throwing things": {
        "precision": 0.4792368125701459,
        "recall": 0.7081260364842454,
        "f1-score": 0.571619812583668,
        "support": 603.0
      },
      "Using phone": {
        "precision": 0.31928406466512704,
        "recall": 0.2656099903938521,
        "f1-score": 0.2899842684845307,
        "support": 2082.0
      },
      "Walking": {
        "precision": 0.9602194787379973,
        "recall": 0.8955223880597015,
        "f1-score": 0.9267431597528685,
        "support": 2345.0
      },
      "accuracy": 0.5353941526346653,
      "macro avg": {
        "precision": 0.5272532387630685,
        "recall": 0.550789596063384,
        "f1-score": 0.5309178431876285,
        "support": 11937.0
      },
      "weighted avg": {
        "precision": 0.5469462675627987,
        "recall": 0.5353941526346653,
        "f1-score": 0.5371018445396508,
        "support": 11937.0
      }
    }
  },
  "per_participant": [
    {
      "participant": 1,
      "accuracy": 0.6285608583055864,
      "f1_weighted": 0.5852898465401895,
      "num_samples": 2703
    },
    {
      "participant": 2,
      "accuracy": 0.4309559939301973,
      "f1_weighted": 0.36949655151631466,
      "num_samples": 2636
    },
    {
      "participant": 3,
      "accuracy": 0.48388733823902563,
      "f1_weighted": 0.48687050878958404,
      "num_samples": 3941
    },
    {
      "participant": 5,
      "accuracy": 0.6206247647722996,
      "f1_weighted": 0.5820747349440885,
      "num_samples": 2657
    }
  ]
}