{
  "overall": {
    "accuracy": 0.5040926425448795,
    "f1_macro": 0.4841963208861606,
    "f1_weighted": 0.4971285494532334,
    "f1_micro": 0.5040926425448795,
    "precision_macro": 0.48256948285995754,
    "precision_weighted": 0.5189350343300528,
    "recall_macro": 0.5267046634316566,
    "recall_weighted": 0.5040926425448795,
    "per_class": {
      "Attacking": {
        "precision": 0.556469708302169,
        "recall": 0.5527488855869243,
        "f1-score": 0.5546030562802833,
        "support": 1346.0
      },
      "Biting": {
        "precision": 0.6059678653404744,
        "recall": 0.5159609120521172,
        "f1-score": 0.5573539760731879,
        "support": 1535.0
      },
      "Eating snacks": {
        "precision": 0.26962832636903455,
        "recall": 0.33876761536336003,
        "f1-score": 0.30026940974773453,
        "support": 3619.0
      },
      "Head banging": {
        "precision": 0.3326161790017212,
        "recall": 0.6447039199332777,
        "f1-score": 0.43883054215157535,
        "support": 1199.0
      },
      "Sitting quietly": {
        "precision": 0.5834645669291338,
        "recall": 0.4678030303030303,
        "f1-score": 0.5192711983181499,
        "support": 4752.0
      },
      "Throwing things": {
        "precision": 0.29194630872483224,
        "recall": 0.6414746543778802,
        "f1-score": 0.401268377053906,
        "support": 1085.0
      },
      "Using phone": {
        "precision": 0.28962444302991724,
        "recall": 0.12156024579214533,
        "f1-score": 0.17124576590139254,
        "support": 3743.0
      },
      "Walking": {
        "precision": 0.930838465182378,
        "recall": 0.9306180440445181,
        "f1-score": 0.9307282415630551,
        "support": 4223.0
      },
      "accuracy": 0.5040926425448795,
      "macro avg": {
        "precision": 0.48256948285995754,
        "recall": 0.5267046634316566,
        "f1-score": 0.4841963208861606,
        "support": 21502.0
      },
      "weighted avg": {
        "precision": 0.5189350343300528,
        "recall": 0.5040926425448795,
        "f1-score": 0.4971285494532334,
        "support": 21502.0
      }
    }
  },
  "per_participant": [
    {
      "participant": 1,
      "accuracy": 0.5029780242349559,
      "f1_weighted": 0.4632957728318793,
      "num_samples": 4869
    },
    {
      "participant": 2,
      "accuracy": 0.5241103390187408,
      "f1_weighted": 0.44433802970491404,
      "num_samples": 4749
    },
    {
      "participant": 3,
      "accuracy": 0.4049598421868395,
      "f1_weighted": 0.42658462725142227,
      "num_samples": 7097
    },
    {
      "participant": 5,
      "accuracy": 0.6323375809484019,
      "f1_weighted": 0.5830887449118274,
      "num_samples": 4787
    }
  ]
}