{
  "overall": {
    "accuracy": 0.5878916437736899,
    "f1_macro": 0.594104681457229,
    "f1_weighted": 0.5802267149640595,
    "f1_micro": 0.5878916437736899,
    "precision_macro": 0.583742799896941,
    "precision_weighted": 0.5865592015892221,
    "recall_macro": 0.621447145281504,
    "recall_weighted": 0.5878916437736899,
    "per_class": {
      "Attacking": {
        "precision": 0.7082621082621082,
        "recall": 0.7583892617449665,
        "f1-score": 0.7324690630524455,
        "support": 1639.0
      },
      "Biting": {
        "precision": 0.6236730360934183,
        "recall": 0.5587256300523062,
        "f1-score": 0.5894156007022824,
        "support": 2103.0
      },
      "Eating snacks": {
        "precision": 0.4090267983074753,
        "recall": 0.4164956914238818,
        "f1-score": 0.4127274575581986,
        "support": 4874.0
      },
      "Head banging": {
        "precision": 0.533306255077173,
        "recall": 0.824748743718593,
        "f1-score": 0.6477553034040454,
        "support": 1592.0
      },
      "Sitting quietly": {
        "precision": 0.5222371967654986,
        "recall": 0.6101401354117462,
        "f1-score": 0.5627768499019679,
        "support": 6351.0
      },
      "Throwing things": {
        "precision": 0.4898668210770122,
        "recall": 0.6360902255639098,
        "f1-score": 0.5534838076545633,
        "support": 1330.0
      },
      "Using phone": {
        "precision": 0.44153846153846155,
        "recall": 0.2706525839305922,
        "f1-score": 0.33559401309635173,
        "support": 5302.0
      },
      "Walking": {
        "precision": 0.9420317220543807,
        "recall": 0.8963348904060366,
        "f1-score": 0.9186153562879764,
        "support": 5566.0
      },
      "accuracy": 0.5878916437736899,
      "macro avg": {
        "precision": 0.583742799896941,
        "recall": 0.621447145281504,
        "f1-score": 0.594104681457229,
        "support": 28757.0
      },
      "weighted avg": {
        "precision": 0.5865592015892221,
        "recall": 0.5878916437736899,
        "f1-score": 0.5802267149640595,
        "support": 28757.0
      }
    }
  },
  "per_participant": [
    {
      "participant": 1,
      "accuracy": 0.5111932635037996,
      "f1_weighted": 0.4909925616506659,
      "num_samples": 4869
    },
    {
      "participant": 2,
      "accuracy": 0.5959149294588334,
      "f1_weighted": 0.521133373811726,
      "num_samples": 4749
    },
    {
      "participant": 3,
      "accuracy": 0.5881358320417077,
      "f1_weighted": 0.5803854551516923,
      "num_samples": 7097
    },
    {
      "participant": 4,
      "accuracy": 0.5782219159200551,
      "f1_weighted": 0.5680358399167668,
      "num_samples": 7255
    },
    {
      "participant": 5,
      "accuracy": 0.6722373093795697,
      "f1_weighted": 0.6299374209444506,
      "num_samples": 4787
    }
  ]
}